Id,Source,Frequency
1,1,29.427877939124322
2,1,9.643650760992955
3,1,4.898979485566356
4,1,4.0
5,1,3.605551275463989
6,1,3.4641016151377544
7,1,3.3166247903554
8,1,2.6457513110645907
9,1,2.6457513110645907
10,1,2.449489742783178
11,1,1.7320508075688772
12,1,1.4142135623730951
13,1,1.4142135623730951
14,1,1.4142135623730951
15,1,1.0
16,1,1.0
17,1,1.0
18,1,1.0
19,1,1.0
20,1,1.0
21,1,1.0
22,1,1.0
23,1,1.0
24,1,1.0
25,1,1.0
