Id,Source,Frequency
1,1,3.3166247903554
2,1,19.313207915827967
3,1,4.358898943540674
